0;0;0;0;land;false;unknown;0
1;204;185;216;land;false;plains;1
2;63;234;213;land;false;plains;1
3;241;115;173;land;false;plains;1
4;135;177;222;land;true;plains;1
5;165;178;215;land;false;plains;1
6;249;65;220;land;true;plains;1
7;206;199;234;land;true;plains;1
8;145;131;231;land;false;plains;1
9;221;243;128;land;false;plains;1
10;162;249;175;land;false;plains;1
11;222;106;196;land;false;plains;1
12;237;224;133;land;false;plains;1
13;153;189;163;land;false;plains;1
14;220;47;237;land;false;plains;1
15;98;172;253;land;false;plains;1
16;252;217;62;land;false;plains;1
17;219;135;232;land;true;plains;1
18;206;61;254;land;false;plains;1
19;213;174;227;land;false;plains;1
20;254;162;94;land;false;plains;1
21;228;180;109;land;false;plains;1
22;146;209;151;land;false;plains;1
23;237;124;242;land;true;plains;1
24;224;251;44;land;false;plains;1
25;231;63;214;land;false;plains;1
26;151;210;217;land;false;plains;1
27;223;103;202;land;false;plains;1
28;180;138;228;land;false;plains;1
29;202;113;196;land;false;plains;1
30;133;234;169;land;false;plains;1
31;187;128;217;land;false;plains;1
32;222;145;236;land;false;plains;1
33;226;239;100;land;false;plains;1
34;248;220;102;land;false;plains;1
35;233;77;211;land;false;plains;1
36;89;170;247;land;false;plains;1
37;148;121;238;land;false;plains;1
38;254;207;127;land;false;plains;1
39;215;42;254;land;false;plains;1
40;144;175;250;land;true;plains;1
41;210;157;170;land;false;plains;1
42;223;90;251;land;false;plains;1
43;236;110;234;land;false;plains;1
44;33;246;231;land;false;plains;1
45;219;196;210;land;true;plains;1
46;142;234;226;land;false;plains;1
47;184;254;217;land;false;plains;1
48;220;224;192;land;false;plains;1
49;217;251;84;land;true;plains;1
50;211;187;193;land;false;plains;1
51;220;100;197;land;false;plains;1
52;208;164;155;land;false;plains;1
53;187;168;169;land;false;plains;1
54;111;157;234;land;false;plains;1
55;209;197;222;land;false;plains;1
56;87;254;226;land;false;plains;1
57;195;207;216;land;false;plains;1
58;254;209;146;land;false;plains;1
59;253;186;224;land;false;plains;1
60;193;249;68;land;true;plains;1
61;212;79;211;land;false;plains;1
62;109;178;253;land;false;plains;1
63;242;196;182;land;false;plains;1
64;247;88;181;land;false;plains;1
65;220;186;176;land;false;plains;1
66;249;212;127;land;false;plains;1
67;207;250;150;land;false;plains;1
68;200;182;189;land;false;plains;1
69;249;201;130;land;false;plains;1
70;187;215;210;land;false;plains;1
71;214;222;71;land;false;plains;1
72;210;219;85;land;false;plains;1
73;252;92;250;land;false;plains;1
74;185;108;249;land;false;plains;1
75;186;80;236;land;false;plains;1
76;217;225;136;land;true;plains;1
77;217;227;210;land;false;plains;1
78;204;238;124;land;false;plains;1
79;146;150;229;land;false;plains;1
80;142;202;177;land;false;plains;1
81;196;169;254;land;false;plains;1
82;101;197;218;land;false;plains;1
83;138;233;160;land;false;plains;1
84;97;238;195;land;false;plains;1
85;148;252;244;land;true;plains;1
86;153;245;240;land;false;plains;1
87;251;127;152;land;false;plains;1
88;232;176;209;land;false;plains;1
89;241;202;222;land;false;plains;1
90;209;214;130;land;false;plains;1
91;101;215;227;land;false;plains;1
92;172;203;169;land;true;plains;1
93;123;190;220;land;false;plains;1
94;234;138;161;land;true;plains;1
95;196;201;135;land;false;plains;1
96;188;167;172;land;false;plains;1
97;209;195;246;land;false;plains;1
98;43;245;233;land;false;plains;1
99;125;154;240;land;false;plains;1
100;173;181;249;land;false;plains;1
101;242;129;210;land;false;plains;1
102;244;38;240;land;false;plains;1
103;144;252;132;land;false;plains;1
104;222;198;210;land;false;plains;1
105;228;186;169;land;false;plains;1
106;183;85;236;land;false;plains;1
107;141;233;243;land;false;plains;1
108;245;200;210;land;true;plains;1
109;254;216;221;land;false;plains;1
110;79;253;192;land;false;plains;1
111;208;182;237;land;false;plains;1
112;109;243;192;land;false;plains;1
113;247;161;185;land;false;plains;1
114;189;186;238;land;false;plains;1
115;195;228;112;land;false;plains;1
116;174;179;226;land;false;plains;1
117;43;229;244;land;true;plains;1
118;198;228;91;land;false;plains;1
119;152;181;253;land;false;plains;1
120;40;244;236;land;false;plains;1
121;239;106;177;land;false;plains;1
122;59;248;228;land;false;plains;1
123;41;238;238;land;false;plains;1
124;221;194;133;land;false;plains;1
125;210;93;232;land;true;plains;1
126;214;147;168;land;false;plains;1
127;214;247;101;land;true;plains;1
128;135;168;251;land;false;plains;1
129;243;114;196;land;false;plains;1
130;244;57;211;land;false;plains;1
131;242;82;191;land;false;plains;1
132;188;222;163;land;false;plains;1
133;75;204;254;land;true;plains;1
134;233;210;160;land;false;plains;1
135;125;211;251;land;false;plains;1
136;174;150;180;land;false;plains;1
137;175;225;113;land;true;plains;1
138;239;195;197;land;false;plains;1
139;247;67;206;land;false;plains;1
140;249;181;117;land;true;plains;1
141;168;207;228;land;true;plains;1
142;74;250;234;land;false;plains;1
143;192;134;229;land;true;plains;1
144;182;223;237;land;true;plains;1
145;112;202;227;land;false;plains;1
146;238;244;116;land;false;plains;1
147;159;175;188;land;false;plains;1
148;220;207;92;land;false;plains;1
149;188;174;147;land;true;plains;1
150;210;227;221;land;false;plains;1
151;137;222;236;land;false;plains;1
152;197;184;189;land;false;plains;1
153;246;127;233;land;false;plains;1
154;101;222;229;land;false;plains;1
155;231;158;132;land;false;plains;1
156;143;252;251;land;false;plains;1
157;230;248;182;land;false;plains;1
158;197;191;177;land;false;plains;1
159;191;249;232;land;false;plains;1
160;169;232;131;land;false;plains;1
161;207;128;180;land;false;plains;1
162;123;216;193;land;false;plains;1
163;155;144;248;land;false;plains;1
164;227;98;191;land;false;plains;1
165;169;165;233;land;false;plains;1
166;206;231;178;land;false;plains;1
167;244;209;166;land;false;plains;1
168;252;214;227;land;true;plains;1
169;248;176;168;land;false;plains;1
170;206;209;212;land;true;plains;1
171;153;234;231;land;false;plains;1
172;211;217;188;land;false;plains;1
173;240;199;237;land;false;plains;1
174;154;247;149;land;true;plains;1
175;232;87;204;land;false;plains;1
176;204;239;236;land;false;plains;1
177;224;134;213;land;false;plains;1
178;194;146;217;land;false;plains;1
179;246;248;25;land;false;plains;1
180;249;249;91;land;false;plains;1
181;212;133;213;land;false;plains;1
182;195;252;83;land;true;plains;1
183;233;253;238;land;false;plains;1
184;250;120;131;land;false;plains;1
185;194;58;252;land;false;plains;1
186;139;213;170;land;false;plains;1
187;248;220;116;land;false;plains;1
188;223;147;218;land;false;plains;1
189;149;222;159;land;false;plains;1
190;214;222;224;land;false;plains;1
191;99;222;254;land;false;plains;1
192;170;157;207;land;true;plains;1
193;243;154;118;land;false;plains;1
194;250;21;244;land;false;plains;1
195;190;237;244;land;false;plains;1
196;195;226;116;land;false;plains;1
197;183;198;234;land;false;plains;1
198;168;171;184;land;false;plains;1
199;193;170;233;land;false;plains;1
200;188;223;247;land;false;plains;1
201;204;125;227;land;false;plains;1
202;252;122;206;land;false;plains;1
203;252;118;135;land;false;plains;1
204;213;81;240;land;false;plains;1
205;200;108;254;land;false;plains;1
206;246;199;254;land;true;plains;1
207;192;223;167;land;false;plains;1
208;138;135;254;land;false;plains;1
209;87;204;234;land;false;plains;1
210;166;167;243;land;true;plains;1
211;233;141;182;land;false;plains;1
212;200;184;187;land;true;plains;1
213;215;202;88;land;false;plains;1
214;221;229;114;land;true;plains;1
215;252;200;214;land;false;plains;1
216;164;249;131;land;false;plains;1
217;242;201;140;land;false;plains;1
218;141;231;173;land;false;plains;1
219;160;197;178;land;false;plains;1
220;217;245;160;land;false;plains;1
221;185;161;215;land;false;plains;1
222;245;181;237;land;false;plains;1
223;96;233;178;land;false;plains;1
224;236;215;167;land;false;plains;1
225;254;251;215;land;false;plains;1
226;114;235;167;land;false;plains;1
227;222;132;164;land;false;plains;1
228;137;215;252;land;false;plains;1
229;244;250;214;land;false;plains;1
230;66;229;253;land;false;plains;1
231;198;148;212;land;true;plains;1
232;253;197;53;land;false;plains;1
233;254;233;182;land;false;plains;1
234;226;236;117;land;false;plains;1
235;170;253;125;land;false;plains;1
236;228;96;239;land;false;plains;1
237;193;244;207;land;false;plains;1
238;143;164;245;land;true;plains;1
239;244;253;100;land;false;plains;1
240;211;229;133;land;false;plains;1
241;98;195;224;land;false;plains;1
242;172;184;245;land;false;plains;1
243;146;205;198;land;false;plains;1
244;153;247;245;land;false;plains;1
245;183;231;157;land;false;plains;1
246;95;208;200;land;false;plains;1
247;226;112;175;land;false;plains;1
248;228;66;229;land;false;plains;1
249;238;218;195;land;false;plains;1
250;212;222;244;land;false;plains;1
251;89;250;239;land;false;plains;1
252;233;100;234;land;false;plains;1
253;202;145;165;land;false;plains;1
254;73;250;193;land;false;plains;1
255;222;224;250;land;false;plains;1
256;138;216;204;land;false;plains;1
257;135;226;192;land;false;plains;1
258;170;189;224;land;false;plains;1
259;132;160;239;land;true;plains;1
260;246;159;118;land;false;plains;1
261;224;150;196;land;false;plains;1
262;111;198;225;land;false;plains;1
263;199;184;192;land;false;plains;1
264;130;209;227;land;false;plains;1
265;166;236;233;land;false;plains;1
266;234;192;143;land;false;plains;1
267;104;183;245;land;false;plains;1
268;234;210;156;land;false;plains;1
269;108;221;204;land;false;plains;1
270;252;153;241;land;true;plains;1
271;119;193;234;land;false;plains;1
272;245;251;22;land;false;plains;1
273;206;240;154;land;false;plains;1
274;168;211;189;land;false;plains;1
275;107;235;159;land;false;plains;1
276;82;243;228;land;false;plains;1
277;157;140;236;land;false;plains;1
278;249;252;178;land;false;plains;1
279;191;194;208;land;false;plains;1
280;148;239;170;land;false;plains;1
281;220;209;141;land;false;plains;1
282;157;201;147;land;false;plains;1
283;194;221;164;land;false;plains;1
284;125;239;177;land;false;plains;1
285;251;203;99;land;false;plains;1
286;224;201;167;land;false;plains;1
287;223;250;200;land;false;plains;1
288;254;128;144;land;false;plains;1
289;169;127;206;land;false;plains;1
290;230;77;225;land;false;plains;1
291;250;49;248;land;true;plains;1
292;234;114;218;land;false;plains;1
293;194;165;228;land;false;plains;1
294;228;193;200;land;true;plains;1
295;192;217;92;land;false;plains;1
296;169;185;241;land;true;plains;1
297;230;238;56;land;false;plains;1
298;64;239;251;land;false;plains;1
299;236;122;179;land;false;plains;1
300;167;137;199;land;true;plains;1
301;109;207;186;land;false;plains;1
302;153;110;253;land;false;plains;1
303;110;163;250;land;false;plains;1
304;226;252;47;land;true;plains;1
305;187;246;127;land;false;plains;1
306;78;183;241;land;false;plains;1
307;241;150;219;land;false;plains;1
308;49;214;254;land;true;plains;1
309;162;158;215;land;false;plains;1
310;150;251;123;land;false;plains;1
311;108;230;209;land;false;plains;1
312;229;141;157;land;false;plains;1
313;225;198;214;land;false;plains;1
314;91;204;225;land;false;plains;1
315;163;184;215;land;false;plains;1
316;146;187;174;land;false;plains;1
317;243;218;61;land;false;plains;1
318;128;190;249;land;false;plains;1
319;251;221;170;land;false;plains;1
320;223;65;249;land;false;plains;1
321;180;250;100;land;true;plains;1
322;121;231;151;land;true;plains;1
323;200;58;254;land;false;plains;1
324;247;234;182;land;false;plains;1
325;80;212;251;land;false;plains;1
326;233;165;218;land;true;plains;1
327;94;203;234;land;false;plains;1
328;187;235;171;land;false;plains;1
329;197;98;209;land;false;plains;1
330;143;139;219;land;true;plains;1
331;238;109;179;land;false;plains;1
332;250;177;251;land;false;plains;1
333;110;230;216;land;false;plains;1
334;124;206;182;land;true;plains;1
335;172;134;200;land;false;plains;1
336;246;179;80;land;false;plains;1
337;133;253;124;land;false;plains;1
338;183;111;249;land;false;plains;1
339;215;235;178;land;true;plains;1
340;189;220;111;land;true;plains;1
341;233;195;113;land;false;plains;1
342;219;253;234;land;false;plains;1
343;171;219;199;land;false;plains;1
344;252;161;212;land;false;plains;1
345;187;132;248;land;false;plains;1
346;231;56;244;land;false;plains;1
347;227;118;185;land;false;plains;1
348;197;175;237;land;true;plains;1
349;130;224;175;land;false;plains;1
350;176;239;190;land;false;plains;1
351;219;211;116;land;false;plains;1
352;93;245;181;land;true;plains;1
353;207;158;184;land;false;plains;1
354;202;203;131;land;false;plains;1
355;137;203;179;land;false;plains;1
356;217;220;225;land;false;plains;1
357;164;135;214;land;false;plains;1
358;211;230;209;land;false;plains;1
359;217;150;205;land;false;plains;1
360;183;173;241;land;false;plains;1
361;66;219;241;land;false;plains;1
362;153;169;192;land;false;plains;1
363;201;228;163;land;true;plains;1
364;219;144;201;land;false;plains;1
365;244;176;150;land;false;plains;1
366;138;203;182;land;false;plains;1
367;216;222;113;land;false;plains;1
368;91;204;220;land;false;plains;1
369;156;233;184;land;false;plains;1
370;227;179;232;land;false;plains;1
371;247;248;91;land;false;plains;1
372;82;254;240;land;false;plains;1
373;219;149;203;land;false;plains;1
374;117;235;216;land;false;plains;1
375;192;181;148;land;false;plains;1
376;254;191;230;land;true;plains;1
377;239;198;214;land;false;plains;1
378;145;242;161;land;true;plains;1
379;180;239;224;land;true;plains;1
380;182;240;174;land;false;plains;1
381;189;224;227;land;false;plains;1
382;197;245;159;land;false;plains;1
383;119;170;230;land;false;plains;1
384;189;195;230;land;true;plains;1
385;251;239;58;land;false;plains;1
386;240;112;165;land;false;plains;1
387;97;249;247;land;true;plains;1
388;174;166;254;land;false;plains;1
389;167;210;219;land;false;plains;1
390;156;249;190;land;false;plains;1
391;202;226;195;land;false;plains;1
392;244;202;92;land;false;plains;1
393;184;198;153;land;false;plains;1
394;117;247;162;land;false;plains;1
395;217;186;236;land;false;plains;1
396;154;141;242;land;false;plains;1
397;233;196;232;land;true;plains;1
398;167;251;91;land;false;plains;1
399;204;250;181;land;false;plains;1
400;187;78;236;land;true;plains;1
401;172;141;190;land;false;plains;1
402;240;250;131;land;true;plains;1
403;188;246;145;land;false;plains;1
404;219;206;188;land;false;plains;1
405;217;246;108;land;false;plains;1
406;239;170;189;land;false;plains;1
407;218;243;148;land;true;plains;1
408;108;250;233;land;false;plains;1
409;249;188;92;land;false;plains;1
410;157;133;213;land;false;plains;1
411;225;107;211;land;false;plains;1
412;210;241;119;land;false;plains;1
413;200;126;249;land;false;plains;1
414;213;98;240;land;false;plains;1
415;36;241;245;land;false;plains;1
416;225;159;187;land;false;plains;1
417;144;221;234;land;false;plains;1
418;242;35;231;land;false;plains;1
419;208;139;220;land;false;plains;1
420;157;232;170;land;false;plains;1
421;232;172;162;land;true;plains;1
422;232;187;254;land;false;plains;1
423;55;251;247;land;false;plains;1
424;138;224;221;land;true;plains;1
425;213;137;220;land;false;plains;1
426;142;196;172;land;false;plains;1
427;217;194;240;land;false;plains;1
428;254;223;246;land;false;plains;1
429;199;203;110;land;false;plains;1
430;235;53;253;land;true;plains;1
431;100;195;249;land;false;plains;1
432;234;246;182;land;false;plains;1
433;238;192;208;land;false;plains;1
434;249;226;27;land;false;plains;1
435;147;217;200;land;false;plains;1
436;140;194;174;land;true;plains;1
437;217;164;223;land;false;plains;1
438;183;84;237;land;false;plains;1
439;202;172;236;land;false;plains;1
440;201;71;238;land;false;plains;1
441;201;253;82;land;false;plains;1
442;21;245;240;land;false;plains;1
443;217;207;128;land;true;plains;1
444;222;85;209;land;true;plains;1
445;104;227;217;land;true;plains;1
446;254;175;131;land;true;plains;1
447;243;158;224;land;false;plains;1
448;178;178;193;land;false;plains;1
449;242;244;86;land;false;plains;1
450;83;238;236;land;true;plains;1
451;168;223;194;land;false;plains;1
452;240;254;181;land;false;plains;1
453;162;205;226;land;false;plains;1
454;237;130;209;land;false;plains;1
455;237;118;194;land;false;plains;1
456;116;228;178;land;false;plains;1
457;243;179;182;land;false;plains;1
458;236;77;210;land;false;plains;1
459;226;206;213;land;true;plains;1
460;250;31;248;land;false;plains;1
461;158;206;177;land;false;plains;1
462;233;138;194;land;false;plains;1
463;183;227;161;land;false;plains;1
464;191;223;208;land;false;plains;1
465;145;148;223;land;true;plains;1
466;144;193;187;land;true;plains;1
467;240;167;103;land;false;plains;1
468;146;229;174;land;false;plains;1
469;207;225;207;land;false;plains;1
470;123;233;156;land;true;plains;1
471;80;243;250;land;false;plains;1
472;230;27;245;land;false;plains;1
473;240;122;172;land;false;plains;1
474;163;155;254;land;true;plains;1
475;251;104;191;land;false;plains;1
476;69;235;234;land;true;plains;1
477;217;79;214;land;false;plains;1
478;165;188;238;land;false;plains;1
479;130;193;212;land;false;plains;1
480;54;233;236;land;false;plains;1
481;240;228;179;land;true;plains;1
482;234;169;158;land;true;plains;1
483;172;132;218;land;true;plains;1
484;234;214;187;land;false;plains;1
485;180;219;217;land;false;plains;1
486;252;129;249;land;true;plains;1
487;222;105;213;land;false;plains;1
488;139;205;191;land;false;plains;1
489;167;196;183;land;true;plains;1
490;82;250;251;land;false;plains;1
491;164;193;254;land;false;plains;1
492;207;206;121;land;false;plains;1
493;206;164;195;land;true;plains;1
494;52;212;248;land;false;plains;1
495;209;175;253;land;true;plains;1
496;174;217;209;land;true;plains;1
497;233;154;204;land;true;plains;1
498;176;156;214;land;false;plains;1
499;227;143;226;land;false;plains;1
500;170;124;218;land;false;plains;1
501;180;198;236;land;false;plains;1
502;92;229;242;land;false;plains;1
503;242;244;248;land;false;plains;1
504;244;223;148;land;false;plains;1
505;208;57;238;land;false;plains;1
506;159;186;244;land;false;plains;1
507;161;232;163;land;false;plains;1
508;158;130;219;land;true;plains;1
509;154;125;232;land;false;plains;1
510;137;230;210;land;false;plains;1
511;206;162;187;land;false;plains;1
512;230;246;102;land;false;plains;1
513;146;153;219;land;false;plains;1
514;242;62;248;land;false;plains;1
515;223;60;248;land;false;plains;1
516;71;250;250;land;false;plains;1
517;62;199;243;land;false;plains;1
518;93;248;219;land;false;plains;1
519;122;219;162;land;false;plains;1
520;246;194;134;land;false;plains;1
521;190;206;175;land;false;plains;1
522;242;216;145;land;false;plains;1
523;179;79;250;land;false;plains;1
524;193;198;220;land;true;plains;1
525;242;251;11;land;false;plains;1
526;208;179;207;land;true;plains;1
527;159;250;247;land;true;plains;1
528;83;211;211;land;false;plains;1
529;152;245;137;land;true;plains;1
530;234;154;164;land;false;plains;1
531;135;230;250;land;false;plains;1
532;179;240;99;land;false;plains;1
533;254;134;151;land;false;plains;1
534;109;177;222;land;false;plains;1
535;166;189;153;land;false;plains;1
536;171;249;217;land;false;plains;1
537;122;194;202;land;false;plains;1
538;154;159;222;land;false;plains;1
539;141;219;230;land;false;plains;1
540;178;220;144;land;false;plains;1
541;96;242;221;land;false;plains;1
542;195;235;114;land;true;plains;1
543;125;172;253;land;false;plains;1
544;155;244;136;land;false;plains;1
545;185;172;162;land;false;plains;1
546;221;221;125;land;true;plains;1
547;137;206;238;land;false;plains;1
548;203;185;229;land;false;plains;1
549;204;200;155;land;false;plains;1
550;226;127;251;land;false;plains;1
551;160;104;251;land;false;plains;1
552;247;105;213;land;false;plains;1
553;161;227;155;land;false;plains;1
554;239;188;149;land;false;plains;1
555;254;235;230;land;false;plains;1
556;180;249;159;land;false;plains;1
557;172;233;111;land;false;plains;1
558;143;242;240;land;false;plains;1
559;77;202;238;land;false;plains;1
560;167;119;221;land;false;plains;1
561;244;195;137;land;false;plains;1
562;240;148;210;land;true;plains;1
563;183;143;246;land;false;plains;1
564;194;240;132;land;false;plains;1
565;248;167;120;land;false;plains;1
566;204;245;171;land;true;plains;1
567;157;236;127;land;false;plains;1
568;57;235;248;land;false;plains;1
569;235;171;226;land;false;plains;1
570;159;224;251;land;false;plains;1
571;139;235;237;land;false;plains;1
572;150;244;212;land;true;plains;1
573;191;243;247;land;false;plains;1
574;143;232;195;land;false;plains;1
575;226;123;156;land;false;plains;1
576;197;227;144;land;false;plains;1
577;230;158;231;land;false;plains;1
578;128;213;224;land;false;plains;1
579;222;177;238;land;false;plains;1
580;236;119;235;land;false;plains;1
581;219;56;234;land;false;plains;1
582;166;188;253;land;true;plains;1
583;247;161;218;land;false;plains;1
584;184;224;207;land;false;plains;1
585;230;228;97;land;true;plains;1
586;181;145;200;land;false;plains;1
587;209;182;165;land;true;plains;1
588;247;150;163;land;false;plains;1
589;223;215;123;land;false;plains;1
590;250;182;222;land;true;plains;1
591;197;200;248;land;false;plains;1
592;107;248;215;land;false;plains;1
593;236;185;193;land;false;plains;1
594;180;223;164;land;false;plains;1
595;165;146;250;land;false;plains;1
596;194;130;182;land;false;plains;1
597;128;242;210;land;false;plains;1
598;203;217;171;land;false;plains;1
599;183;199;196;land;false;plains;1
600;120;215;201;land;false;plains;1
601;182;138;209;land;true;plains;1
602;227;167;235;land;false;plains;1
603;239;89;190;land;false;plains;1
604;140;194;224;land;false;plains;1
605;246;236;105;land;false;plains;1
606;251;71;204;land;false;plains;1
607;231;238;46;land;false;plains;1
608;150;119;253;land;true;plains;1
609;203;100;237;land;false;plains;1
610;209;223;231;land;true;plains;1
611;134;211;254;land;false;plains;1
612;218;240;79;land;true;plains;1
613;200;216;156;land;false;plains;1
614;236;244;47;land;false;plains;1
615;235;148;162;land;false;plains;1
616;162;201;233;land;false;plains;1
617;193;242;161;land;false;plains;1
618;236;34;234;land;true;plains;1
619;115;228;237;land;true;plains;1
620;213;203;133;land;false;plains;1
621;235;129;214;land;true;plains;1
622;166;191;240;land;false;plains;1
623;164;197;232;land;false;plains;1
624;29;253;223;land;false;plains;1
625;214;101;208;land;false;plains;1
626;167;194;149;land;false;plains;1
627;219;249;158;land;false;plains;1
628;190;135;241;land;false;plains;1
629;109;188;213;land;false;plains;1
630;132;232;193;land;false;plains;1
631;214;251;60;land;false;plains;1
632;232;219;98;land;false;plains;1
633;157;228;237;land;true;plains;1
634;141;185;241;land;false;plains;1
635;252;96;179;land;false;plains;1
636;135;238;163;land;false;plains;1
637;133;245;132;land;false;plains;1
638;205;222;116;land;false;plains;1
639;178;213;123;land;false;plains;1
640;211;110;253;land;false;plains;1
641;138;243;165;land;false;plains;1
642;104;209;198;land;false;plains;1
643;192;123;220;land;false;plains;1
644;187;241;106;land;false;plains;1
645;236;78;195;land;true;plains;1
646;185;186;182;land;false;plains;1
647;177;115;225;land;false;plains;1
648;246;187;120;land;false;plains;1
649;179;203;136;land;false;plains;1
650;188;233;164;land;false;plains;1
651;212;252;136;land;false;plains;1
652;125;201;236;land;true;plains;1
653;253;126;212;land;false;plains;1
654;243;141;225;land;true;plains;1
655;184;158;213;land;false;plains;1
656;226;170;157;land;false;plains;1
657;234;215;91;land;false;plains;1
658;161;115;225;land;true;plains;1
659;201;241;189;land;true;plains;1
660;206;147;240;land;false;plains;1
661;231;217;82;land;false;plains;1
662;120;187;223;land;false;plains;1
663;181;194;192;land;false;plains;1
664;190;254;234;land;true;plains;1
665;220;98;220;land;false;plains;1
666;229;240;222;land;false;plains;1
667;242;237;150;land;false;plains;1
668;152;230;131;land;false;plains;1
669;221;157;247;land;false;plains;1
670;137;245;195;land;true;plains;1
671;223;122;179;land;false;plains;1
672;229;173;108;land;false;plains;1
673;219;234;236;land;false;plains;1
674;225;54;225;land;false;plains;1
675;112;148;246;land;false;plains;1
676;179;252;237;land;false;plains;1
677;230;108;163;land;false;plains;1
678;220;189;127;land;false;plains;1
679;251;219;154;land;false;plains;1
680;176;168;208;land;false;plains;1
681;250;165;205;land;false;plains;1
682;51;232;219;land;false;plains;1
683;124;199;249;land;true;plains;1
684;153;236;128;land;true;plains;1
685;170;222;138;land;false;plains;1
686;157;125;247;land;false;plains;1
687;216;187;181;land;false;plains;1
688;216;93;250;land;false;plains;1
689;248;219;134;land;true;plains;1
690;205;176;121;land;false;plains;1
691;193;170;243;land;false;plains;1
692;165;146;217;land;false;plains;1
693;59;201;254;land;false;plains;1
694;155;252;109;land;false;plains;1
695;134;217;170;land;false;plains;1
696;233;229;99;land;false;plains;1
697;168;195;166;land;false;plains;1
698;235;227;179;land;true;plains;1
699;57;250;234;land;true;plains;1
700;137;151;249;land;false;plains;1
701;231;209;250;land;false;plains;1
702;226;216;106;land;true;plains;1
703;250;176;223;land;true;plains;1
704;240;234;133;land;false;plains;1
705;238;184;217;land;false;plains;1
706;252;251;19;land;false;plains;1
707;63;235;226;land;false;plains;1
708;198;181;156;land;false;plains;1
709;42;232;242;land;false;plains;1
710;250;121;241;land;true;plains;1
711;165;213;124;land;false;plains;1
712;174;240;202;land;false;plains;1
713;252;219;65;land;false;plains;1
714;147;130;243;land;false;plains;1
715;248;242;133;land;false;plains;1
716;233;83;198;land;false;plains;1
717;181;213;146;land;false;plains;1
718;201;194;233;land;false;plains;1
719;197;160;159;land;false;plains;1
720;56;235;238;land;false;plains;1
721;117;158;237;land;false;plains;1
722;246;239;62;land;false;plains;1
723;137;202;240;land;false;plains;1
724;215;51;238;land;true;plains;1
725;199;200;104;land;false;plains;1
726;183;208;138;land;false;plains;1
727;167;207;213;land;false;plains;1
728;166;183;233;land;false;plains;1
729;250;199;246;land;false;plains;1
730;108;246;152;land;false;plains;1
731;159;240;204;land;true;plains;1
732;247;199;234;land;false;plains;1
733;242;180;148;land;false;plains;1
734;245;181;218;land;true;plains;1
735;210;241;65;land;false;plains;1
736;235;172;144;land;false;plains;1
737;237;241;29;land;false;plains;1
738;212;202;146;land;false;plains;1
739;219;194;171;land;false;plains;1
740;186;231;88;land;false;plains;1
741;168;225;148;land;false;plains;1
742;243;236;155;land;false;plains;1
743;220;83;232;land;true;plains;1
744;217;247;183;land;true;plains;1
745;153;252;112;land;false;plains;1
746;248;85;248;land;false;plains;1
747;246;200;175;land;true;plains;1
748;228;216;227;land;false;plains;1
749;122;245;200;land;true;plains;1
750;178;249;203;land;false;plains;1
751;252;202;224;land;false;plains;1
752;57;236;242;land;false;plains;1
753;220;67;217;land;false;plains;1
754;211;242;51;land;false;plains;1
755;253;190;253;land;false;plains;1
756;207;242;232;land;false;plains;1
757;129;251;169;land;true;plains;1
758;168;178;214;land;false;plains;1
759;239;236;101;land;true;plains;1
760;183;148;232;land;true;plains;1
761;170;193;141;land;false;plains;1
762;187;162;250;land;false;plains;1
763;233;231;96;land;false;plains;1
764;109;202;199;land;false;plains;1
765;245;122;247;land;false;plains;1
766;26;252;235;land;false;plains;1
767;121;232;201;land;true;plains;1
768;85;254;227;land;false;plains;1
769;251;218;36;land;false;plains;1
770;204;227;227;land;false;plains;1
771;164;150;244;land;false;plains;1
772;68;218;220;land;true;plains;1
773;177;202;133;land;false;plains;1
774;55;233;241;land;true;plains;1
775;246;111;159;land;true;plains;1
776;208;161;132;land;false;plains;1
777;247;161;224;land;false;plains;1
778;54;232;230;land;false;plains;1
779;233;195;105;land;false;plains;1
780;144;139;225;land;false;plains;1
781;191;205;122;land;false;plains;1
782;163;250;250;land;false;plains;1
783;215;142;206;land;true;plains;1
784;247;204;201;land;false;plains;1
785;102;161;240;land;false;plains;1
786;252;218;81;land;false;plains;1
787;207;202;248;land;false;plains;1
788;234;194;110;land;false;plains;1
789;63;253;222;land;true;plains;1
790;136;233;249;land;true;plains;1
791;252;209;127;land;true;plains;1
792;182;231;174;land;false;plains;1
793;215;211;176;land;true;plains;1
794;157;197;181;land;false;plains;1
795;237;107;253;land;false;plains;1
796;186;169;191;land;true;plains;1
797;134;225;220;land;false;plains;1
798;183;244;98;land;false;plains;1
799;97;239;200;land;false;plains;1
800;103;177;227;land;true;plains;1
801;161;214;200;land;false;plains;1
802;69;234;206;land;false;plains;1
803;133;177;192;land;true;plains;1
804;197;202;174;land;false;plains;1
805;148;178;217;land;false;plains;1
806;170;234;155;land;false;plains;1
807;194;115;201;land;false;plains;1
808;126;175;200;land;false;plains;1
809;192;194;230;land;false;plains;1
810;197;143;195;land;false;plains;1
811;146;167;231;land;true;plains;1
812;240;194;107;land;false;plains;1
813;168;168;252;land;false;plains;1
814;220;169;251;land;true;plains;1
815;170;205;174;land;false;plains;1
816;143;119;243;land;false;plains;1
817;177;251;134;land;true;plains;1
818;138;187;226;land;true;plains;1
819;202;205;115;land;true;plains;1
820;235;170;144;land;false;plains;1
821;212;183;125;land;false;plains;1
822;231;168;227;land;false;plains;1
823;152;227;158;land;false;plains;1
824;220;121;172;land;false;plains;1
825;212;208;242;land;false;plains;1
826;223;193;235;land;false;plains;1
827;202;169;180;land;false;plains;1
828;140;251;240;land;false;plains;1
829;238;240;72;land;false;plains;1
830;42;252;213;land;false;plains;1
831;112;170;239;land;false;plains;1
832;229;176;232;land;false;plains;1
833;120;231;221;land;false;plains;1
834;143;203;184;land;false;plains;1
835;244;238;152;land;false;plains;1
836;192;174;140;land;false;plains;1
837;247;243;187;land;true;plains;1
838;244;160;176;land;false;plains;1
839;140;230;221;land;false;plains;1
840;249;214;89;land;false;plains;1
841;218;96;210;land;true;plains;1
842;197;249;162;land;false;plains;1
843;181;244;180;land;true;plains;1
844;224;195;167;land;true;plains;1
845;194;160;231;land;false;plains;1
846;172;191;147;land;false;plains;1
847;240;196;249;land;false;plains;1
848;128;253;223;land;false;plains;1
849;202;212;189;land;false;plains;1
850;240;147;166;land;true;plains;1
851;210;181;234;land;false;plains;1
852;240;181;96;land;false;plains;1
853;239;85;210;land;false;plains;1
854;90;205;230;land;false;plains;1
855;192;133;208;land;true;plains;1
856;242;208;136;land;false;plains;1
857;167;248;86;land;false;plains;1
858;180;172;234;land;false;plains;1
859;119;212;219;land;false;plains;1
860;161;155;201;land;false;plains;1
861;187;165;237;land;true;plains;1
862;239;53;242;land;false;plains;1
863;223;119;170;land;false;plains;1
864;77;232;199;land;false;plains;1
865;223;204;165;land;false;plains;1
866;202;60;240;land;false;plains;1
867;104;236;220;land;true;plains;1
868;237;242;73;land;true;plains;1
869;254;88;203;land;false;plains;1
870;234;223;158;land;false;plains;1
871;209;234;80;land;false;plains;1
872;247;154;248;land;true;plains;1
873;109;165;240;land;false;plains;1
874;131;244;136;land;false;plains;1
875;207;245;164;land;false;plains;1
876;238;190;189;land;false;plains;1
877;113;249;211;land;false;plains;1
878;138;247;194;land;false;plains;1
879;187;105;220;land;true;plains;1
880;195;203;152;land;false;plains;1
881;199;129;224;land;false;plains;1
882;193;242;184;land;false;plains;1
883;209;79;244;land;false;plains;1
884;115;252;226;land;true;plains;1
885;248;229;216;land;true;plains;1
886;209;96;248;land;false;plains;1
887;254;76;211;land;false;plains;1
888;242;72;200;land;false;plains;1
889;181;240;137;land;true;plains;1
890;252;254;152;land;true;plains;1
891;165;160;228;land;false;plains;1
892;203;247;213;land;false;plains;1
893;250;83;200;land;false;plains;1
894;234;178;176;land;false;plains;1
895;173;224;164;land;true;plains;1
896;121;252;137;land;false;plains;1
897;237;115;228;land;true;plains;1
898;152;144;236;land;false;plains;1
899;229;239;45;land;false;plains;1
900;230;91;252;land;false;plains;1
901;188;157;168;land;false;plains;1
902;178;214;228;land;false;plains;1
903;145;229;189;land;false;plains;1
904;197;234;129;land;true;plains;1
905;206;209;205;land;true;plains;1
906;168;102;232;land;true;plains;1
907;234;186;245;land;true;plains;1
908;199;224;213;land;true;plains;1
909;224;237;89;land;true;plains;1
910;199;246;227;land;true;plains;1
911;186;241;151;land;true;plains;1
912;78;230;239;land;false;plains;1
913;223;129;214;land;true;plains;1
914;137;165;231;land;false;plains;1
915;222;220;86;land;false;plains;1
916;186;200;157;land;false;plains;1
917;100;190;221;land;false;plains;1
918;193;188;237;land;true;plains;1
919;225;254;144;land;false;plains;1
920;126;236;198;land;false;plains;1
921;230;248;187;land;true;plains;1
922;187;199;200;land;false;plains;1
923;196;179;237;land;false;plains;1
924;249;110;163;land;false;plains;1
925;129;198;254;land;true;plains;1
926;238;101;235;land;false;plains;1
927;249;133;210;land;false;plains;1
928;189;211;221;land;false;plains;1
929;30;246;225;land;false;plains;1
930;201;195;249;land;true;plains;1
931;133;124;254;land;false;plains;1
932;167;124;211;land;false;plains;1
933;233;165;173;land;false;plains;1
934;237;245;225;land;false;plains;1
935;158;187;225;land;false;plains;1
936;190;198;175;land;false;plains;1
937;213;86;252;land;false;plains;1
938;254;242;212;land;false;plains;1
939;190;64;251;land;true;plains;1
940;238;201;235;land;false;plains;1
941;125;179;243;land;false;plains;1
942;180;204;249;land;false;plains;1
943;136;236;229;land;false;plains;1
944;153;243;110;land;false;plains;1
945;240;203;235;land;false;plains;1
946;202;175;144;land;false;plains;1
947;246;38;232;land;false;plains;1
948;133;203;177;land;false;plains;1
949;238;42;245;land;false;plains;1
950;204;62;237;land;false;plains;1
951;171;249;151;land;false;plains;1
952;162;151;194;land;false;plains;1
953;253;131;247;land;false;plains;1
954;176;141;192;land;false;plains;1
955;215;131;218;land;false;plains;1
956;185;195;233;land;false;plains;1
957;152;241;144;land;false;plains;1
958;167;173;171;land;false;plains;1
959;219;70;214;land;false;plains;1
960;238;106;215;land;false;plains;1
961;98;250;155;land;true;plains;1
962;171;215;241;land;false;plains;1
963;143;191;178;land;false;plains;1
964;252;233;128;land;false;plains;1
965;141;148;220;land;false;plains;1
966;209;232;135;land;false;plains;1
967;239;197;193;land;false;plains;1
968;218;250;193;land;false;plains;1
969;236;133;186;land;false;plains;1
970;248;173;191;land;false;plains;1
971;193;116;227;land;false;plains;1
972;172;115;240;land;false;plains;1
973;232;194;118;land;false;plains;1
974;253;190;76;land;true;plains;1
975;200;177;227;land;false;plains;1
976;248;205;109;land;false;plains;1
977;149;217;162;land;false;plains;1
978;181;228;165;land;false;plains;1
979;200;115;194;land;false;plains;1
980;229;132;158;land;false;plains;1
981;236;179;174;land;false;plains;1
982;107;252;225;land;false;plains;1
983;145;154;248;land;false;plains;1
984;229;243;140;land;false;plains;1
985;215;206;246;land;false;plains;1
986;64;252;237;land;false;plains;1
987;208;159;246;land;false;plains;1
988;247;42;214;land;true;plains;1
989;204;233;233;land;false;plains;1
990;236;92;173;land;false;plains;1
991;113;253;148;land;false;plains;1
992;75;245;210;land;false;plains;1
993;180;198;226;land;false;plains;1
994;171;161;249;land;false;plains;1
995;215;134;231;land;false;plains;1
996;227;245;131;land;false;plains;1
997;239;68;229;land;true;plains;1
998;236;243;181;land;false;plains;1
999;165;187;243;land;false;plains;1
1000;116;201;203;land;false;plains;1
1001;87;196;238;land;false;plains;1
1002;229;219;204;land;true;plains;1
1003;177;82;248;land;false;plains;1
1004;204;149;165;land;true;plains;1
1005;131;218;172;land;false;plains;1
1006;184;198;160;land;false;plains;1
1007;191;93;249;land;true;plains;1
1008;89;237;179;land;true;plains;1
1009;200;166;146;land;true;plains;1
1010;220;147;248;land;false;plains;1
1011;159;222;232;land;false;plains;1
1012;242;242;169;land;false;plains;1
1013;206;132;183;land;false;plains;1
1014;196;132;234;land;false;plains;1
1015;248;54;241;land;false;plains;1
1016;206;200;187;land;false;plains;1
1017;164;236;118;land;false;plains;1
1018;221;164;203;land;true;plains;1
1019;151;131;223;land;false;plains;1
1020;17;253;239;land;false;plains;1
1021;232;138;223;land;false;plains;1
1022;249;152;162;land;true;plains;1
1023;240;38;250;land;false;plains;1
1024;154;131;249;land;false;plains;1
1025;225;92;217;land;true;plains;1
1026;209;111;224;land;false;plains;1
1027;112;233;189;land;false;plains;1
1028;91;190;234;land;false;plains;1
1029;148;219;163;land;false;plains;1
1030;228;214;241;land;true;plains;1
1031;111;231;173;land;false;plains;1
1032;223;103;191;land;false;plains;1
1033;244;235;113;land;true;plains;1
1034;214;208;200;land;false;plains;1
1035;250;91;216;land;false;plains;1
1036;151;169;223;land;false;plains;1
1037;164;163;184;land;false;plains;1
1038;150;232;171;land;false;plains;1
1039;123;183;233;land;true;plains;1
1040;140;247;157;land;true;plains;1
1041;145;243;168;land;true;plains;1
1042;239;158;134;land;true;plains;1
1043;176;243;229;land;true;plains;1
1044;137;126;240;land;true;plains;1
1045;241;69;231;land;true;plains;1
1046;115;236;253;land;true;plains;1
1047;25;47;23;sea;false;ocean;0
1048;19;24;48;sea;false;ocean;0
1049;3;69;18;sea;false;ocean;0
1050;0;4;42;sea;false;ocean;0
1051;91;1;3;sea;false;ocean;0
1052;14;5;74;sea;false;ocean;0
1053;8;62;7;sea;false;ocean;0
1054;15;45;26;sea;false;ocean;0
1055;10;3;57;sea;true;ocean;0
1056;30;11;19;sea;false;ocean;0
1057;28;18;34;sea;false;ocean;0
1058;7;69;6;sea;false;ocean;0
1059;34;26;7;sea;false;ocean;0
1060;13;44;9;sea;false;ocean;0
1061;20;24;40;sea;false;ocean;0
1062;13;15;36;sea;false;ocean;0
1063;53;12;32;sea;true;ocean;0
1064;6;45;25;sea;false;ocean;0
1065;42;28;20;sea;false;ocean;0
1066;62;20;14;sea;false;ocean;0
1067;22;7;20;sea;false;ocean;0
1068;27;62;1;sea;false;ocean;0
1069;58;15;19;sea;false;ocean;0
1070;36;2;48;sea;false;ocean;0
1071;39;15;36;sea;true;ocean;0
1072;5;44;43;sea;false;ocean;0
1073;21;28;20;sea;false;ocean;0
1074;13;41;7;sea;false;ocean;0
1075;48;27;1;sea;true;ocean;0
1076;18;23;19;sea;false;ocean;0
1077;43;8;31;sea;false;ocean;0
1078;84;12;1;sea;false;ocean;0
1079;6;21;6;sea;false;ocean;0
1080;27;21;35;sea;false;ocean;0
1081;25;22;44;sea;false;ocean;0
1082;10;3;82;sea;false;ocean;0
1083;25;35;27;sea;false;ocean;0
1084;54;0;35;sea;false;ocean;0
1085;1;17;56;sea;true;ocean;0
1086;3;5;80;sea;false;ocean;0
1087;65;6;25;sea;false;ocean;0
1088;26;31;16;sea;false;ocean;0
1089;9;6;77;sea;false;ocean;0
1090;4;11;67;sea;false;ocean;0
1091;1;70;0;sea;false;ocean;0
1092;30;22;1;sea;false;ocean;0
1093;43;23;8;sea;false;ocean;0
1094;25;18;56;sea;false;ocean;0
1095;25;15;28;sea;false;ocean;0
1096;13;6;46;sea;true;ocean;0
1097;31;21;11;sea;false;ocean;0
1098;1;41;31;sea;false;ocean;0
1099;11;28;32;sea;false;ocean;0
1100;7;77;13;sea;false;ocean;0
1101;8;29;5;sea;false;ocean;0
1102;35;32;2;sea;false;ocean;0
1103;8;7;18;sea;false;ocean;0
1104;22;12;20;sea;false;ocean;0
1105;15;31;2;sea;false;ocean;0
1106;13;0;65;sea;false;ocean;0
1107;0;54;27;sea;false;ocean;0
1108;2;23;74;sea;false;ocean;0
1109;12;21;21;sea;false;ocean;0
1110;55;9;20;sea;false;ocean;0
1111;3;32;55;sea;false;ocean;0
1112;13;31;37;sea;false;ocean;0
1113;17;8;43;sea;true;ocean;0
1114;35;40;16;sea;false;ocean;0
1115;40;35;12;sea;false;ocean;0
1116;9;15;3;sea;false;ocean;0
1117;16;67;8;sea;false;ocean;0
1118;5;52;41;sea;true;ocean;0
1119;4;53;0;sea;false;ocean;0
1120;56;16;19;sea;false;ocean;0
1121;30;25;21;sea;true;ocean;0
1122;33;22;13;sea;false;ocean;0
1123;39;19;19;sea;false;ocean;0
1124;18;35;17;sea;false;ocean;0
1125;5;2;75;sea;false;ocean;0
1126;55;7;23;sea;false;ocean;0
1127;46;18;0;sea;false;ocean;0
1128;67;5;16;sea;false;ocean;0
1129;54;27;11;sea;false;ocean;0
1130;12;37;38;sea;false;ocean;0
1131;8;8;8;sea;false;ocean;0
1132;13;32;10;sea;false;ocean;0
1133;23;29;17;sea;false;ocean;0
1134;1;28;47;sea;false;ocean;0
1135;62;2;30;sea;false;ocean;0
1136;1;5;7;sea;false;ocean;0
1137;21;42;15;sea;false;ocean;0
1138;35;30;22;sea;false;ocean;0
1139;4;34;31;sea;false;ocean;0
1140;49;26;2;sea;false;ocean;0
1141;11;4;42;sea;false;ocean;0
1142;47;16;33;sea;false;ocean;0
1143;15;25;51;sea;false;ocean;0
1144;12;35;15;sea;false;ocean;0
1145;4;3;66;sea;false;ocean;0
1146;48;8;1;sea;false;ocean;0
1147;15;13;9;sea;false;ocean;0
1148;37;9;30;sea;false;ocean;0
1149;50;19;25;sea;true;ocean;0
1150;80;2;15;sea;false;ocean;0
1151;10;5;4;sea;false;ocean;0
1152;0;57;31;sea;false;ocean;0
1153;6;20;58;sea;true;ocean;0
1154;19;4;71;sea;false;ocean;0
1155;27;7;23;sea;false;ocean;0
1156;7;25;36;sea;false;ocean;0
1157;67;1;31;sea;false;ocean;0
1158;8;24;5;sea;false;ocean;0
1159;43;11;41;sea;false;ocean;0
1160;22;14;23;sea;false;ocean;0
1161;26;14;11;sea;false;ocean;0
1162;70;6;0;sea;false;ocean;0
1163;22;19;3;sea;false;ocean;0
1164;1;65;2;sea;false;ocean;0
1165;42;14;30;sea;false;ocean;0
1166;17;1;32;sea;false;ocean;0
1167;66;5;9;sea;false;ocean;0
1168;27;12;12;sea;false;ocean;0
1169;2;33;32;sea;false;ocean;0
1170;24;12;37;sea;false;ocean;0
1171;12;34;16;sea;false;ocean;0
1172;6;27;62;sea;false;ocean;0
1173;16;35;18;sea;false;ocean;0
1174;44;29;11;sea;false;ocean;0
1175;53;27;18;sea;false;ocean;0
1176;12;2;38;sea;false;ocean;0
1177;30;27;3;sea;true;ocean;0
1178;8;25;65;sea;false;ocean;0
1179;38;2;7;sea;false;ocean;0
1180;53;18;4;sea;false;ocean;0
1181;0;0;61;sea;false;ocean;0
1182;37;30;28;sea;false;ocean;0
1183;5;19;56;sea;false;ocean;0
1184;1;15;38;sea;false;ocean;0
1185;34;14;11;sea;false;ocean;0
1186;23;9;18;sea;false;ocean;0
1187;10;45;44;sea;false;ocean;0
1188;27;5;25;sea;true;ocean;0
1189;69;0;29;sea;false;ocean;0
1190;21;0;25;sea;false;ocean;0
1191;6;37;18;sea;false;ocean;0
1192;9;12;18;sea;false;ocean;0
1193;23;2;69;sea;false;ocean;0
1194;22;69;1;sea;true;ocean;0
1195;46;12;40;sea;false;ocean;0
1196;6;12;21;sea;false;ocean;0
1197;5;3;9;sea;false;ocean;0
1198;3;31;8;sea;false;ocean;0
1199;1;15;46;sea;false;ocean;0
1200;12;74;7;sea;false;ocean;0
1201;3;8;22;sea;false;ocean;0
1202;14;42;26;sea;false;ocean;0
1203;9;16;2;sea;false;ocean;0
1204;1;25;68;sea;true;ocean;0
1205;21;18;5;sea;false;ocean;0
1206;53;22;23;sea;false;ocean;0
1207;1;10;37;sea;false;ocean;0
1208;74;5;7;sea;false;ocean;0
1209;7;49;25;sea;false;ocean;0
1210;32;49;18;sea;false;ocean;0
1211;15;47;27;sea;false;ocean;0
1212;5;11;8;sea;false;ocean;0
1213;25;13;2;sea;true;ocean;0
1214;21;14;54;sea;false;ocean;0
1215;4;47;40;sea;false;ocean;0
1216;42;3;35;sea;true;ocean;0
1217;17;74;7;sea;false;ocean;0
1218;21;41;21;sea;false;ocean;0
1219;1;61;11;sea;false;ocean;0
1220;19;55;22;sea;false;ocean;0
1221;18;28;35;sea;false;ocean;0
1222;6;23;49;sea;true;ocean;0
1223;38;25;30;sea;false;ocean;0
1224;8;46;26;sea;false;ocean;0
1225;1;11;32;sea;false;ocean;0
1226;5;32;51;sea;false;ocean;0
1227;3;2;94;sea;false;ocean;0
1228;11;85;3;sea;false;ocean;0
1229;54;3;25;sea;false;ocean;0
1230;53;0;32;sea;false;ocean;0
1231;51;5;0;sea;false;ocean;0
1232;27;39;25;sea;false;ocean;0
1233;78;0;11;sea;true;ocean;0
1234;11;60;11;sea;false;ocean;0
1235;71;7;9;sea;false;ocean;0
1236;15;19;55;sea;false;ocean;0
1237;46;0;13;sea;false;ocean;0
1238;11;10;18;sea;false;ocean;0
1239;33;9;19;sea;false;ocean;0
1240;12;10;1;sea;false;ocean;0
1241;40;40;16;sea;false;ocean;0
1242;34;22;23;sea;false;ocean;0
1243;28;11;11;sea;false;ocean;0
1244;28;52;17;sea;false;ocean;0
1245;58;11;28;sea;false;ocean;0
1246;27;53;19;sea;false;ocean;0
1247;3;74;9;sea;true;ocean;0
1248;20;25;3;sea;false;ocean;0
1249;23;27;49;sea;false;ocean;0
1250;46;30;12;sea;false;ocean;0
1251;40;14;31;sea;true;ocean;0
1252;38;35;19;sea;false;ocean;0
1253;54;5;27;sea;false;ocean;0
1254;3;39;1;sea;false;ocean;0
1255;8;13;44;sea;false;ocean;0
1256;52;31;15;sea;true;ocean;0
1257;36;2;25;sea;false;ocean;0
1258;17;11;56;sea;true;ocean;0
1259;19;49;7;sea;false;ocean;0
1260;19;2;9;sea;false;ocean;0
1261;9;52;35;sea;false;ocean;0
1262;40;34;15;sea;false;ocean;0
1263;22;7;33;sea;false;ocean;0
1264;40;24;28;sea;false;ocean;0
1265;19;19;57;sea;false;ocean;0
1266;41;16;39;sea;false;ocean;0
1267;22;18;51;sea;false;ocean;0
1268;17;27;46;sea;false;ocean;0
1269;9;30;51;sea;true;ocean;0
1270;85;1;6;sea;false;ocean;0
1271;31;48;19;sea;false;ocean;0
1272;26;0;22;sea;false;ocean;0
1273;11;1;61;sea;false;ocean;0
1274;28;14;43;sea;false;ocean;0
1275;32;26;35;sea;false;ocean;0
1276;29;1;25;sea;false;ocean;0
1277;35;1;60;sea;false;ocean;0
1278;53;5;30;sea;false;ocean;0
1279;58;4;31;sea;false;ocean;0
1280;8;5;30;sea;false;ocean;0
1281;0;50;28;sea;false;ocean;0
1282;21;45;31;sea;false;ocean;0
1283;12;25;27;sea;false;ocean;0
1284;51;7;12;sea;false;ocean;0
1285;3;23;2;sea;false;ocean;0
1286;46;23;17;sea;false;ocean;0
1287;14;43;0;sea;false;ocean;0
1288;5;86;2;sea;false;ocean;0
1289;34;21;29;sea;false;ocean;0
1290;4;37;47;sea;false;ocean;0
1291;24;34;8;sea;false;ocean;0
1292;2;69;22;sea;false;ocean;0
1293;44;13;20;sea;false;ocean;0
1294;23;42;12;sea;false;ocean;0
1295;11;62;0;sea;false;ocean;0
1296;1;24;53;sea;false;ocean;0
1297;18;10;41;sea;true;ocean;0
1298;11;33;13;sea;false;ocean;0
1299;14;9;23;sea;false;ocean;0
1300;12;59;4;sea;false;ocean;0
1301;24;28;30;sea;false;ocean;0
1302;25;15;22;sea;false;ocean;0
1303;19;65;5;sea;false;ocean;0
1304;69;15;3;sea;false;ocean;0
1305;0;55;0;sea;false;ocean;0
1306;53;6;12;sea;false;ocean;0
1307;1;9;89;sea;true;ocean;0
1308;8;0;18;sea;true;ocean;0
1309;16;21;7;sea;false;ocean;0
1310;17;30;45;sea;false;ocean;0
1311;20;13;14;sea;false;ocean;0
1312;39;0;2;sea;false;ocean;0
1313;5;78;2;sea;false;ocean;0
1314;42;42;9;sea;false;ocean;0
1315;6;54;33;sea;false;ocean;0
1316;3;18;27;sea;false;ocean;0
1317;1;38;46;sea;false;ocean;0
1318;10;63;8;sea;false;ocean;0
1319;76;12;3;sea;false;ocean;0
1320;27;53;2;sea;false;ocean;0
1321;27;52;14;sea;false;ocean;0
1322;28;3;65;sea;false;ocean;0
1323;58;9;24;sea;false;ocean;0
1324;16;37;9;sea;false;ocean;0
1325;25;40;9;sea;false;ocean;0
1326;17;47;35;sea;false;ocean;0
1327;61;5;4;sea;false;ocean;0
1328;40;8;4;sea;false;ocean;0
1329;33;17;22;sea;false;ocean;0
1330;41;15;20;sea;false;ocean;0
1331;55;9;14;sea;false;ocean;0
1332;20;48;26;sea;false;ocean;0
1333;37;4;53;sea;false;ocean;0
1334;15;10;38;sea;false;ocean;0
1335;26;46;8;sea;false;ocean;0
1336;24;64;1;sea;false;ocean;0
1337;20;23;42;sea;false;ocean;0
1338;32;10;38;sea;false;ocean;0
1339;17;0;82;sea;false;ocean;0
1340;39;14;38;sea;false;ocean;0
1341;42;49;3;sea;false;ocean;0
1342;23;2;48;sea;false;ocean;0
1343;8;43;38;sea;false;ocean;0
1344;19;38;34;sea;false;ocean;0
1345;11;14;5;sea;false;ocean;0
1346;3;54;11;sea;false;ocean;0
1347;6;65;3;sea;false;ocean;0
1348;50;6;5;sea;false;ocean;0
1349;26;32;30;sea;false;ocean;0
1350;28;48;21;sea;false;ocean;0
1351;5;46;34;sea;false;ocean;0
1352;32;23;13;sea;false;ocean;0
1353;71;15;9;sea;false;ocean;0
1354;34;5;46;sea;false;ocean;0
1355;1;5;31;sea;true;ocean;0
1356;9;1;75;sea;false;ocean;0
1357;11;59;22;sea;false;ocean;0
1358;61;33;0;sea;false;ocean;0
1359;26;1;52;sea;false;ocean;0
1360;1;12;57;sea;false;ocean;0
1361;70;4;15;sea;false;ocean;0
1362;7;11;8;sea;false;ocean;0
1363;19;5;42;sea;false;ocean;0
1364;46;1;29;sea;false;ocean;0
1365;26;43;17;sea;true;ocean;0
1366;52;27;10;sea;false;ocean;0
1367;69;14;13;sea;false;ocean;0
1368;16;0;16;sea;false;ocean;0
1369;14;44;40;sea;false;ocean;0
1370;1;1;53;sea;false;ocean;0
1371;34;48;9;sea;false;ocean;0
1372;39;3;7;sea;false;ocean;0
1373;9;19;60;sea;false;ocean;0
1374;0;55;13;sea;false;ocean;0
1375;4;38;33;sea;false;ocean;0
1376;35;1;16;sea;false;ocean;0
1377;5;18;49;sea;false;ocean;0
1378;13;55;2;sea;false;ocean;0
1379;14;69;7;sea;false;ocean;0
1380;80;5;13;sea;false;ocean;0
1381;3;19;2;sea;false;ocean;0
1382;30;15;29;sea;false;ocean;0
1383;51;7;31;sea;false;ocean;0
1384;24;18;49;sea;false;ocean;0
1385;22;16;25;sea;false;ocean;0
1386;52;10;1;sea;true;ocean;0
1387;28;7;49;sea;true;ocean;0
1388;61;19;8;sea;false;ocean;0
1389;17;9;65;sea;false;ocean;0
1390;50;3;22;sea;false;ocean;0
1391;13;8;63;sea;false;ocean;0
1392;16;11;55;sea;false;ocean;0
1393;4;11;60;sea;false;ocean;0
1394;4;20;37;sea;false;ocean;0
1395;78;16;5;sea;false;ocean;0
1396;13;0;18;sea;false;ocean;0
1397;38;24;0;sea;false;ocean;0
1398;12;52;6;sea;false;ocean;0
1399;24;11;34;sea;false;ocean;0
1400;52;11;22;sea;false;ocean;0
1401;5;50;28;sea;false;ocean;0
1402;1;52;30;sea;false;ocean;0
1403;3;7;17;sea;false;ocean;0
1404;8;48;30;sea;false;ocean;0
1405;11;3;10;sea;false;ocean;0
1406;10;6;56;sea;false;ocean;0
1407;89;4;5;sea;false;ocean;0
1408;4;10;76;sea;false;ocean;0
1409;38;33;22;sea;false;ocean;0
1410;63;7;20;sea;false;ocean;0
1411;27;39;12;sea;false;ocean;0
1412;13;15;39;sea;false;ocean;0
1413;18;14;36;sea;false;ocean;0
1414;74;3;10;sea;false;ocean;0
1415;11;50;28;sea;false;ocean;0
1416;25;6;28;sea;false;ocean;0
1417;3;32;45;sea;false;ocean;0
1418;16;64;12;sea;false;ocean;0
1419;28;17;46;sea;false;ocean;0
1420;8;50;30;sea;false;ocean;0
1421;28;8;18;sea;true;ocean;0
1422;40;42;15;sea;false;ocean;0
1423;32;3;61;sea;false;ocean;0
1424;5;5;28;sea;false;ocean;0
1425;40;34;0;sea;false;ocean;0
1426;18;23;33;sea;false;ocean;0
1427;9;12;71;sea;false;ocean;0
1428;22;30;23;sea;false;ocean;0
1429;22;46;29;sea;false;ocean;0
1430;22;46;26;sea;false;ocean;0
1431;52;0;12;sea;true;ocean;0
1432;4;6;14;sea;false;ocean;0
1433;36;3;51;sea;false;ocean;0
1434;18;46;26;sea;false;ocean;0
1435;17;20;60;sea;false;ocean;0
1436;20;39;35;sea;false;ocean;0
1437;14;56;20;sea;false;ocean;0
1438;14;13;11;sea;false;ocean;0
1439;8;61;1;sea;false;ocean;0
1440;26;46;2;sea;false;ocean;0
1441;28;47;1;sea;false;ocean;0
1442;22;49;5;sea;false;ocean;0
1443;61;8;5;sea;false;ocean;0
1444;7;25;52;sea;false;ocean;0
1445;15;62;6;sea;false;ocean;0
1446;9;48;26;sea;false;ocean;0
1447;13;52;25;sea;true;ocean;0
1448;19;57;7;sea;false;ocean;0
1449;31;9;42;sea;false;ocean;0
1450;2;22;55;sea;false;ocean;0
1451;6;22;62;sea;false;ocean;0
1452;55;14;5;sea;false;ocean;0
1453;4;39;47;sea;false;ocean;0
1454;40;9;42;sea;false;ocean;0
1455;14;37;27;sea;false;ocean;0
1456;5;25;6;sea;false;ocean;0
1457;3;62;18;sea;false;ocean;0
1458;20;3;7;sea;false;ocean;0
1459;36;3;20;sea;false;ocean;0
1460;3;32;48;sea;false;ocean;0
1461;60;18;8;sea;false;ocean;0
1462;43;17;7;sea;false;ocean;0
1463;3;14;21;sea;true;ocean;0
1464;36;23;6;sea;false;ocean;0
1465;54;13;28;sea;true;ocean;0
1466;1;29;45;sea;false;ocean;0
1467;29;34;8;sea;false;ocean;0
1468;13;59;1;sea;false;ocean;0
1469;70;13;10;sea;false;ocean;0
1470;17;8;31;sea;true;ocean;0
1471;7;7;21;sea;false;ocean;0
1472;45;2;6;sea;false;ocean;0
1473;20;39;18;sea;true;ocean;0
1474;45;20;28;sea;false;ocean;0
1475;5;48;14;sea;false;ocean;0
1476;31;51;6;sea;false;ocean;0
1477;64;16;13;sea;false;ocean;0
1478;23;14;44;sea;false;ocean;0
1479;48;42;7;sea;false;ocean;0
1480;17;17;37;sea;false;ocean;0
1481;29;49;19;sea;false;ocean;0
1482;43;16;13;sea;false;ocean;0
1483;36;45;15;sea;false;ocean;0
1484;70;15;9;sea;false;ocean;0
1485;27;6;23;sea;false;ocean;0
1486;21;29;29;sea;false;ocean;0
1487;28;6;2;sea;false;ocean;0
1488;19;3;26;sea;false;ocean;0
1489;10;21;55;sea;false;ocean;0
1490;5;39;35;sea;false;ocean;0
1491;2;29;5;sea;false;ocean;0
1492;20;38;16;sea;false;ocean;0
1493;37;28;0;sea;false;ocean;0
1494;19;40;14;sea;false;ocean;0
1495;2;27;5;sea;false;ocean;0
1496;17;4;7;sea;false;ocean;0
1497;1;7;75;sea;false;ocean;0
1498;15;2;41;sea;false;ocean;0
1499;14;15;20;sea;false;ocean;0
1500;10;51;14;sea;false;ocean;0
1501;30;7;34;sea;true;ocean;0
1502;13;20;41;sea;false;ocean;0
1503;44;26;2;sea;false;ocean;0
1504;26;20;4;sea;false;ocean;0
1505;19;0;25;sea;false;ocean;0
1506;11;16;69;sea;false;ocean;0
1507;7;10;28;sea;true;ocean;0
1508;2;41;3;sea;false;ocean;0
1509;8;0;15;sea;false;ocean;0
1510;2;9;14;sea;false;ocean;0
1511;15;20;13;sea;false;ocean;0
1512;16;23;12;sea;false;ocean;0
1513;3;54;38;sea;false;ocean;0
1514;7;53;24;sea;false;ocean;0
1515;8;37;48;sea;false;ocean;0
1516;14;51;12;sea;false;ocean;0
1517;1;47;15;sea;true;ocean;0
1518;5;0;84;sea;false;ocean;0
1519;62;4;20;sea;false;ocean;0
1520;57;0;16;sea;false;ocean;0
1521;11;49;22;sea;false;ocean;0
1522;24;5;52;sea;false;ocean;0
1523;76;0;17;sea;false;ocean;0
1524;69;8;7;sea;false;ocean;0
1525;26;17;37;sea;false;ocean;0
1526;0;24;64;sea;false;ocean;0
1527;92;3;0;sea;false;ocean;0
1528;27;37;32;sea;false;ocean;0
1529;9;22;0;sea;false;ocean;0
1530;27;23;13;sea;false;ocean;0
1531;10;20;66;sea;false;ocean;0
1532;5;9;41;sea;false;ocean;0
1533;1;26;31;sea;false;ocean;0
1534;1;45;30;sea;true;ocean;0
1535;47;22;8;sea;false;ocean;0
1536;31;8;38;sea;false;ocean;0
1537;60;17;0;sea;false;ocean;0
1538;5;11;23;sea;false;ocean;0
1539;36;14;34;sea;false;ocean;0
1540;12;0;64;sea;false;ocean;0
1541;19;28;48;sea;false;ocean;0
1542;24;50;3;sea;false;ocean;0
1543;11;12;63;sea;false;ocean;0
1544;4;42;25;sea;false;ocean;0
1545;28;13;43;sea;false;ocean;0
1546;10;69;13;sea;false;ocean;0
1547;39;32;24;sea;false;ocean;0
1548;25;39;28;sea;false;ocean;0
1549;64;24;4;sea;false;ocean;0
1550;2;68;7;sea;false;ocean;0
1551;63;15;11;sea;true;ocean;0
1552;35;10;18;sea;true;ocean;0
1553;1;0;49;sea;false;ocean;0
1554;31;34;14;sea;true;ocean;0
1555;17;3;12;sea;false;ocean;0
1556;60;3;35;sea;false;ocean;0
1557;17;12;39;sea;false;ocean;0
1558;31;20;32;sea;false;ocean;0
1559;0;6;79;sea;false;ocean;0
1560;67;8;20;sea;false;ocean;0
1561;18;32;22;sea;false;ocean;0
1562;10;23;9;sea;false;ocean;0
1563;28;52;4;sea;false;ocean;0
1564;12;44;4;sea;false;ocean;0
1565;3;23;59;sea;false;ocean;0
1566;9;7;16;sea;false;ocean;0
1567;6;8;61;sea;true;ocean;0
1568;26;10;40;sea;false;ocean;0
1569;10;25;40;sea;false;ocean;0
1570;52;0;17;sea;false;ocean;0
1571;6;13;50;sea;false;ocean;0
1572;5;16;28;sea;false;ocean;0
1573;14;22;48;sea;false;ocean;0
1574;32;27;16;sea;false;ocean;0
1575;5;56;9;sea;false;ocean;0
1576;2;55;11;sea;false;ocean;0
1577;36;42;11;sea;false;ocean;0
1578;1;63;33;sea;false;ocean;0
1579;4;40;38;sea;true;ocean;0
1580;2;58;9;sea;true;ocean;0
1581;15;73;0;sea;false;ocean;0
1582;11;42;2;sea;false;ocean;0
1583;28;15;40;sea;false;ocean;0
1584;32;25;42;sea;true;ocean;0
1585;0;25;46;sea;false;ocean;0
1586;7;4;51;sea;true;ocean;0
1587;0;17;58;sea;false;ocean;0
1588;22;19;5;sea;false;ocean;0
1589;23;5;35;sea;false;ocean;0
1590;40;3;32;sea;false;ocean;0
1591;6;6;38;sea;false;ocean;0
1592;49;33;9;sea;false;ocean;0
1593;28;18;25;sea;false;ocean;0
1594;9;47;0;sea;false;ocean;0
1595;45;3;19;sea;false;ocean;0
1596;21;46;21;sea;false;ocean;0
1597;0;20;3;sea;false;ocean;0
1598;32;18;11;sea;false;ocean;0
1599;56;1;20;sea;false;ocean;0
1600;21;51;20;sea;false;ocean;0
1601;4;43;9;sea;false;ocean;0
1602;18;8;32;sea;true;ocean;0
1603;18;26;48;sea;false;ocean;0
1604;2;45;36;sea;false;ocean;0
1605;4;0;22;sea;false;ocean;0
1606;11;3;61;sea;false;ocean;0
1607;7;55;10;sea;false;ocean;0
1608;50;10;27;sea;false;ocean;0
1609;10;16;50;sea;false;ocean;0
1610;52;35;0;sea;false;ocean;0
1611;20;39;19;sea;false;ocean;0
1612;3;34;26;sea;false;ocean;0
1613;61;23;13;sea;true;ocean;0
1614;10;36;20;sea;false;ocean;0
1615;5;9;53;sea;false;ocean;0
1616;40;33;13;sea;false;ocean;0
1617;4;63;1;sea;false;ocean;0
1618;22;49;17;sea;false;ocean;0
1619;7;27;16;sea;false;ocean;0
1620;40;4;49;sea;false;ocean;0
1621;6;57;25;sea;false;ocean;0
1622;22;28;37;sea;false;ocean;0
1623;42;9;13;sea;false;ocean;0
1624;36;4;7;sea;false;ocean;0
1625;8;49;2;sea;false;ocean;0
1626;49;20;8;sea;true;ocean;0
1627;4;30;40;sea;false;ocean;0
1628;27;9;55;sea;false;ocean;0
1629;10;48;7;sea;false;ocean;0
1630;0;29;47;sea;false;ocean;0
1631;42;3;27;sea;false;ocean;0
1632;29;17;2;sea;false;ocean;0
1633;4;36;22;sea;false;ocean;0
1634;55;7;29;sea;false;ocean;0
1635;30;10;35;sea;false;ocean;0
1636;0;37;20;sea;false;ocean;0
1637;43;11;30;sea;false;ocean;0
1638;10;41;27;sea;false;ocean;0
1639;53;13;11;sea;false;ocean;0
1640;26;44;6;sea;false;ocean;0
1641;14;12;4;sea;false;ocean;0
1642;8;67;16;sea;false;ocean;0
1643;65;10;1;sea;true;ocean;0
1644;3;37;0;sea;false;ocean;0
1645;3;94;2;sea;false;ocean;0
1646;23;35;32;sea;false;ocean;0
1647;8;88;1;sea;false;ocean;0
1648;5;15;76;sea;false;ocean;0
1649;1;44;21;sea;false;ocean;0
1650;29;21;0;sea;false;ocean;0
1651;13;52;20;sea;false;ocean;0
1652;44;21;4;sea;false;ocean;0
1653;5;40;3;sea;false;ocean;0
1654;10;17;65;sea;false;ocean;0
1655;29;14;26;sea;false;ocean;0
1656;7;52;8;sea;false;ocean;0
1657;23;50;11;sea;false;ocean;0
1658;2;31;61;sea;false;ocean;0
1659;6;31;3;sea;false;ocean;0
1660;41;47;6;sea;false;ocean;0
1661;39;16;14;sea;true;ocean;0
1662;4;28;35;sea;false;ocean;0
1663;18;13;45;sea;false;ocean;0
1664;46;10;43;sea;true;ocean;0
1665;4;67;23;sea;false;ocean;0
1666;4;11;28;sea;false;ocean;0
1667;21;26;43;sea;false;ocean;0
1668;26;19;16;sea;false;ocean;0
1669;48;2;27;sea;false;ocean;0
1670;5;9;65;sea;false;ocean;0
1671;18;0;74;sea;true;ocean;0
1672;7;39;7;sea;false;ocean;0
1673;5;61;1;sea;false;ocean;0
1674;46;15;20;sea;false;ocean;0
1675;13;37;45;sea;false;ocean;0
1676;1;14;14;sea;false;ocean;0
1677;8;0;86;sea;false;ocean;0
1678;36;27;3;sea;false;ocean;0
1679;27;41;13;sea;true;ocean;0
1680;1;19;59;sea;true;ocean;0
1681;9;65;23;sea;false;ocean;0
1682;6;31;30;sea;false;ocean;0
1683;13;22;62;sea;false;ocean;0
1684;14;35;40;sea;false;ocean;0
1685;2;19;33;sea;false;ocean;0
1686;2;5;53;sea;true;ocean;0
1687;41;33;4;sea;false;ocean;0
1688;14;40;29;sea;false;ocean;0
1689;23;30;18;sea;false;ocean;0
1690;24;33;23;sea;false;ocean;0
1691;25;14;3;sea;true;ocean;0
1692;5;58;36;sea;false;ocean;0
1693;34;3;22;sea;false;ocean;0
1694;9;64;26;sea;false;ocean;0
1695;23;22;38;sea;false;ocean;0
1696;1;26;69;sea;false;ocean;0
1697;12;7;53;sea;false;ocean;0
1698;16;48;15;sea;true;ocean;0
1699;0;42;46;sea;false;ocean;0
1700;23;15;48;sea;false;ocean;0
1701;69;2;1;sea;true;ocean;0
1702;23;14;12;sea;true;ocean;0
1703;14;3;71;sea;false;ocean;0
1704;17;22;15;sea;false;ocean;0
1705;7;25;53;sea;false;ocean;0
1706;19;25;33;sea;false;ocean;0
1707;2;6;38;sea;false;ocean;0
1708;1;63;29;sea;false;ocean;0
1709;75;3;5;sea;false;ocean;0
1710;13;1;18;sea;false;ocean;0
1711;15;56;20;sea;false;ocean;0
1712;71;4;11;sea;false;ocean;0
1713;6;26;17;sea;false;ocean;0
1714;81;8;1;sea;false;ocean;0
1715;14;5;66;sea;false;ocean;0
1716;7;36;33;sea;false;ocean;0
1717;35;37;15;sea;false;ocean;0
1718;28;12;40;sea;false;ocean;0
1719;69;17;2;sea;false;ocean;0
1720;35;14;5;sea;false;ocean;0
1721;7;23;6;sea;false;ocean;0
1722;36;18;21;sea;false;ocean;0
1723;19;22;24;sea;false;ocean;0
1724;18;34;45;sea;false;ocean;0
1725;9;14;68;sea;false;ocean;0
1726;77;10;3;sea;false;ocean;0
1727;24;14;21;sea;false;ocean;0
1728;27;0;60;sea;false;ocean;0
1729;5;17;56;sea;false;ocean;0
1730;18;61;11;sea;false;ocean;0
1731;38;24;14;sea;false;ocean;0
1732;10;16;68;sea;false;ocean;0
1733;7;57;6;sea;false;ocean;0
1734;4;9;60;sea;false;ocean;0
1735;12;18;0;sea;false;ocean;0
1736;90;8;0;sea;false;ocean;0
1737;46;4;22;sea;false;ocean;0
1738;17;27;9;sea;false;ocean;0
1739;25;1;56;sea;false;ocean;0
1740;30;46;6;sea;true;ocean;0
1741;34;18;37;sea;false;ocean;0
1742;9;46;14;sea;false;ocean;0
1743;5;35;34;sea;false;ocean;0
1744;12;28;16;sea;true;ocean;0
1745;10;45;14;sea;false;ocean;0
1746;14;39;6;sea;false;ocean;0
1747;49;9;1;sea;false;ocean;0
1748;6;67;12;sea;true;ocean;0
1749;21;35;2;sea;false;ocean;0
1750;33;22;12;sea;false;ocean;0
1751;38;25;28;sea;false;ocean;0
1752;45;29;10;sea;false;ocean;0
1753;46;13;13;sea;false;ocean;0
1754;32;39;16;sea;false;ocean;0
1755;33;25;10;sea;false;ocean;0
1756;1;22;57;sea;true;ocean;0
1757;13;46;12;sea;false;ocean;0
1758;22;49;18;sea;false;ocean;0
1759;37;36;1;sea;true;ocean;0
1760;14;53;15;sea;false;ocean;0
1761;22;62;1;sea;false;ocean;0
1762;13;58;7;sea;false;ocean;0
1763;47;24;4;sea;false;ocean;0
1764;26;28;6;sea;false;ocean;0
1765;39;13;17;sea;false;ocean;0
1766;12;6;31;sea;false;ocean;0
1767;0;76;19;sea;false;ocean;0
1768;2;60;14;sea;false;ocean;0
1769;15;4;66;sea;false;ocean;0
1770;3;13;69;sea;false;ocean;0
1771;20;9;9;sea;false;ocean;0
1772;3;51;0;sea;true;ocean;0
1773;8;22;29;sea;false;ocean;0
1774;67;6;22;sea;true;ocean;0
1775;15;33;51;sea;false;ocean;0
1776;39;2;15;sea;false;ocean;0
1777;50;22;11;sea;false;ocean;0
1778;66;15;0;sea;false;ocean;0
1779;59;16;17;sea;false;ocean;0
1780;27;9;5;sea;false;ocean;0
1781;1;61;2;sea;false;ocean;0
1782;24;41;20;sea;false;ocean;0
1783;11;41;20;sea;false;ocean;0
1784;40;0;13;sea;false;ocean;0
1785;2;11;42;sea;false;ocean;0
1786;29;0;29;sea;false;ocean;0
1787;59;5;22;sea;false;ocean;0
1788;41;14;6;sea;false;ocean;0
1789;2;18;37;sea;false;ocean;0
1790;9;60;12;sea;false;ocean;0
1791;21;21;31;sea;false;ocean;0
1792;25;18;19;sea;false;ocean;0
1793;70;7;9;sea;false;ocean;0
1794;6;24;6;sea;true;ocean;0
1795;48;39;0;sea;true;ocean;0
1796;30;14;41;sea;false;ocean;0
1797;32;14;28;sea;false;ocean;0
1798;5;66;15;sea;false;ocean;0
1799;44;1;21;sea;false;ocean;0
1800;3;1;32;sea;false;ocean;0
1801;6;10;76;sea;true;ocean;0
1802;25;3;51;sea;false;ocean;0
1803;2;22;56;sea;false;ocean;0
1804;21;14;0;sea;false;ocean;0
1805;31;25;30;sea;false;ocean;0
1806;15;39;28;sea;false;ocean;0
1807;7;5;66;sea;false;ocean;0
1808;50;15;34;sea;false;ocean;0
1809;5;28;21;sea;true;ocean;0
1810;8;0;70;sea;false;ocean;0
1811;53;7;14;sea;false;ocean;0
1812;15;3;1;sea;false;ocean;0
1813;38;5;22;sea;false;ocean;0
1814;1;26;22;sea;false;ocean;0
1815;12;37;39;sea;false;ocean;0
1816;43;2;47;sea;false;ocean;0
1817;54;22;23;sea;false;ocean;0
1818;15;23;31;sea;false;ocean;0
1819;29;18;22;sea;false;ocean;0
1820;20;0;14;sea;false;ocean;0
1821;38;39;4;sea;false;ocean;0
1822;28;34;2;sea;true;ocean;0
1823;38;9;43;sea;false;ocean;0
1824;9;27;40;sea;false;ocean;0
1825;17;5;71;sea;false;ocean;0
1826;67;17;4;sea;false;ocean;0
1827;17;52;3;sea;false;ocean;0
1828;18;8;0;sea;false;ocean;0
1829;4;23;23;sea;false;ocean;0
1830;83;9;0;sea;false;ocean;0
1831;30;8;61;sea;false;ocean;0
1832;9;72;1;sea;false;ocean;0
1833;10;5;9;sea;false;ocean;0
1834;2;44;45;sea;false;ocean;0
1835;31;1;29;sea;false;ocean;0
1836;5;63;0;sea;false;ocean;0
1837;1;9;44;sea;false;ocean;0
1838;5;48;28;sea;true;ocean;0
1839;76;11;8;sea;false;ocean;0
1840;27;31;21;sea;false;ocean;0
1841;7;58;6;sea;false;ocean;0
1842;40;33;24;sea;false;ocean;0
1843;55;22;14;sea;false;ocean;0
1844;14;76;6;sea;false;ocean;0
1845;45;10;15;sea;false;ocean;0
1846;64;17;18;sea;false;ocean;0
1847;11;43;1;sea;false;ocean;0
1848;29;34;4;sea;false;ocean;0
1849;41;24;24;sea;false;ocean;0
1850;6;69;4;sea;true;ocean;0
1851;51;12;25;sea;true;ocean;0
1852;15;67;12;sea;false;ocean;0
1853;3;10;79;sea;false;ocean;0
1854;61;16;20;sea;false;ocean;0
1855;23;28;19;sea;false;ocean;0
1856;34;22;7;sea;false;ocean;0
1857;35;9;26;sea;false;ocean;0
1858;6;19;21;sea;false;ocean;0
1859;7;44;36;sea;false;ocean;0
1860;46;19;16;sea;false;ocean;0
1861;17;30;36;sea;true;ocean;0
1862;26;3;54;sea;true;ocean;0
1863;1;41;30;sea;false;ocean;0
1864;5;38;1;sea;true;ocean;0
1865;20;40;29;sea;false;ocean;0
1866;62;8;21;sea;false;ocean;0
1867;3;9;16;sea;false;ocean;0
1868;43;24;12;sea;false;ocean;0
1869;4;71;0;sea;true;ocean;0
1870;8;24;43;sea;false;ocean;0
1871;10;3;28;sea;false;ocean;0
1872;40;12;27;sea;true;ocean;0
1873;39;1;42;sea;false;ocean;0
1874;46;2;32;sea;false;ocean;0
1875;50;5;5;sea;false;ocean;0
1876;18;50;10;sea;false;ocean;0
1877;41;50;8;sea;true;ocean;0
1878;29;4;36;sea;false;ocean;0
1879;18;11;59;sea;false;ocean;0
1880;7;15;75;sea;false;ocean;0
1881;34;6;21;sea;false;ocean;0
1882;5;50;22;sea;false;ocean;0
1883;51;23;8;sea;false;ocean;0
1884;9;42;25;sea;false;ocean;0
1885;55;18;21;sea;true;ocean;0
1886;7;75;2;sea;false;ocean;0
1887;29;36;20;sea;false;ocean;0
1888;12;31;48;sea;false;ocean;0
1889;21;4;10;sea;false;ocean;0
1890;35;8;50;sea;true;ocean;0
1891;52;4;7;sea;true;ocean;0
1892;44;31;5;sea;false;ocean;0
1893;55;10;25;sea;false;ocean;0
1894;5;73;20;sea;false;ocean;0
1895;24;0;61;sea;true;ocean;0
1896;22;6;17;sea;false;ocean;0
1897;31;58;4;sea;true;ocean;0
1898;3;56;8;sea;false;ocean;0
1899;18;47;25;sea;false;ocean;0
1900;13;39;5;sea;true;ocean;0
1901;69;2;7;sea;false;ocean;0
1902;2;54;38;sea;false;ocean;0
1903;23;27;17;sea;false;ocean;0
1904;19;56;12;sea;false;ocean;0
1905;17;31;33;sea;false;ocean;0
1906;1;37;58;sea;true;ocean;0
1907;33;17;14;sea;false;ocean;0
1908;14;20;47;sea;false;ocean;0
1909;21;23;25;sea;false;ocean;0
1910;28;54;17;sea;false;ocean;0
1911;52;13;8;sea;false;ocean;0
1912;39;23;11;sea;false;ocean;0
1913;42;24;25;sea;true;ocean;0
1914;63;8;13;sea;false;ocean;0
1915;20;33;24;sea;false;ocean;0
1916;8;14;5;sea;true;ocean;0
1917;1;0;71;sea;false;ocean;0
1918;15;34;13;sea;true;ocean;0
1919;1;21;74;sea;false;ocean;0
1920;58;28;2;sea;false;ocean;0
1921;72;6;17;sea;false;ocean;0
1922;9;13;46;sea;false;ocean;0
1923;4;78;9;sea;false;ocean;0
1924;37;53;1;sea;false;ocean;0
1925;23;25;34;sea;false;ocean;0
1926;35;10;10;sea;false;ocean;0
1927;15;42;30;sea;false;ocean;0
1928;54;24;10;sea;false;ocean;0
1929;4;56;32;sea;false;ocean;0
1930;17;18;30;sea;false;ocean;0
1931;28;1;58;sea;false;ocean;0
1932;51;3;23;sea;false;ocean;0
1933;23;5;53;sea;false;ocean;0
1934;34;20;44;sea;false;ocean;0
1935;17;42;34;sea;true;ocean;0
1936;4;14;77;sea;false;ocean;0
1937;15;62;19;sea;true;ocean;0
1938;13;42;9;sea;false;ocean;0
1939;4;10;42;sea;false;ocean;0
1940;64;6;2;sea;false;ocean;0
1941;11;34;34;sea;false;ocean;0
1942;27;2;44;sea;false;ocean;0
1943;24;10;62;sea;false;ocean;0
1944;50;14;25;sea;false;ocean;0
1945;40;21;27;sea;false;ocean;0
1946;28;5;49;sea;false;ocean;0
1947;25;12;53;sea;false;ocean;0
1948;42;14;31;sea;false;ocean;0
1949;18;6;53;sea;false;ocean;0
1950;33;0;46;sea;false;ocean;0
1951;15;75;7;sea;false;ocean;0
1952;39;13;28;sea;false;ocean;0
1953;0;28;1;sea;false;ocean;0
1954;15;43;0;sea;false;ocean;0
1955;9;17;1;sea;false;ocean;0
1956;7;3;66;sea;true;ocean;0
1957;54;17;10;sea;false;ocean;0
1958;16;28;37;sea;false;ocean;0
1959;38;10;30;sea;false;ocean;0
1960;4;26;49;sea;false;ocean;0
1961;2;75;1;sea;false;ocean;0
1962;17;0;37;sea;false;ocean;0
1963;32;20;16;sea;false;ocean;0
1964;89;0;5;sea;false;ocean;0
1965;42;42;10;sea;true;ocean;0
1966;8;16;16;sea;false;ocean;0
1967;7;57;18;sea;false;ocean;0
1968;2;42;52;sea;false;ocean;0
1969;12;34;14;sea;false;ocean;0
1970;12;36;43;sea;false;ocean;0
1971;2;10;13;sea;false;ocean;0
1972;10;60;17;sea;false;ocean;0
1973;5;65;28;sea;false;ocean;0
1974;9;25;37;sea;false;ocean;0
1975;67;7;18;sea;false;ocean;0
1976;42;5;23;sea;true;ocean;0
1977;24;52;3;sea;false;ocean;0
1978;1;73;8;sea;true;ocean;0
1979;14;45;26;sea;true;ocean;0
1980;10;7;42;sea;false;ocean;0
1981;17;8;47;sea;false;ocean;0
1982;57;28;3;sea;false;ocean;0
1983;28;7;41;sea;true;ocean;0
1984;40;13;37;sea;false;ocean;0
1985;35;49;14;sea;true;ocean;0
1986;14;28;52;sea;false;ocean;0
1987;9;12;47;sea;false;ocean;0
1988;48;26;24;sea;false;ocean;0
1989;47;4;5;sea;false;ocean;0
1990;6;21;16;sea;false;ocean;0
1991;16;32;27;sea;true;ocean;0
1992;5;7;80;sea;false;ocean;0
1993;7;14;20;sea;false;ocean;0
1994;57;3;24;sea;true;ocean;0
1995;13;65;19;sea;false;ocean;0
1996;12;65;1;sea;false;ocean;0
1997;16;16;60;sea;false;ocean;0
1998;62;12;25;sea;false;ocean;0
1999;45;33;13;sea;false;ocean;0
2000;81;5;6;sea;false;ocean;0
2001;26;50;20;sea;false;ocean;0
2002;1;17;9;sea;false;ocean;0
2003;12;38;17;sea;false;ocean;0
2004;60;19;18;sea;true;ocean;0
2005;9;25;12;sea;true;ocean;0
2006;66;4;18;sea;false;ocean;0
2007;60;11;25;sea;true;ocean;0
2008;30;26;27;sea;false;ocean;0
2009;46;5;1;sea;false;ocean;0
2010;0;37;11;sea;false;ocean;0
2011;6;53;14;sea;true;ocean;0
2012;32;34;26;sea;false;ocean;0
2013;44;26;19;sea;false;ocean;0
2014;34;13;41;sea;false;ocean;0
2015;63;34;2;sea;false;ocean;0
2016;43;26;2;sea;false;ocean;0
2017;2;57;14;sea;false;ocean;0
2018;0;14;57;sea;false;ocean;0
2019;9;3;19;sea;true;ocean;0
2020;20;51;1;sea;false;ocean;0
2021;14;41;37;sea;false;ocean;0
2022;19;8;17;sea;false;ocean;0
2023;7;19;44;sea;false;ocean;0
2024;0;69;27;sea;false;ocean;0
2025;8;20;24;sea;false;ocean;0
2026;4;21;21;sea;false;ocean;0
2027;6;42;48;sea;false;ocean;0
2028;31;48;15;sea;false;ocean;0
2029;80;2;12;sea;true;ocean;0
2030;12;27;53;sea;false;ocean;0
2031;0;12;20;sea;false;ocean;0
2032;7;7;7;sea;false;ocean;0
2033;17;0;62;sea;false;ocean;0
2034;10;40;43;sea;false;ocean;0
2035;40;33;25;sea;false;ocean;0
2036;2;8;46;sea;false;ocean;0
2037;24;17;13;sea;false;ocean;0
2038;19;60;6;sea;false;ocean;0
2039;45;38;15;sea;false;ocean;0
2040;2;68;9;sea;true;ocean;0
2041;21;19;15;sea;false;ocean;0
2042;15;12;23;sea;false;ocean;0
2043;26;17;29;sea;false;ocean;0
2044;8;52;13;sea;true;ocean;0
2045;25;43;15;sea;false;ocean;0
2046;6;81;11;sea;false;ocean;0
2047;29;55;15;sea;false;ocean;0
2048;19;10;25;sea;false;ocean;0
2049;20;36;2;sea;false;ocean;0
2050;24;53;0;sea;true;ocean;0
2051;47;36;7;sea;false;ocean;0
2052;3;9;61;sea;true;ocean;0
2053;21;9;42;sea;false;ocean;0
2054;26;15;15;sea;false;ocean;0
2055;50;28;3;sea;false;ocean;0
2056;27;9;13;sea;false;ocean;0
2057;0;33;44;sea;false;ocean;0
2058;47;40;7;sea;false;ocean;0
2059;40;15;26;sea;false;ocean;0
2060;9;9;43;sea;false;ocean;0
2061;2;22;52;sea;false;ocean;0
2062;31;6;44;sea;false;ocean;0
2063;35;12;23;sea;true;ocean;0
2064;7;1;63;sea;false;ocean;0
2065;22;37;32;sea;false;ocean;0
2066;4;46;3;sea;false;ocean;0
2067;30;2;20;sea;false;ocean;0
2068;38;11;34;sea;false;ocean;0
2069;43;18;14;sea;true;ocean;0
2070;12;37;24;sea;false;ocean;0
2071;11;14;4;sea;false;ocean;0
2072;0;35;16;sea;false;ocean;0
2073;2;26;40;sea;false;ocean;0
2074;39;24;9;sea;false;ocean;0
2075;37;6;41;sea;false;ocean;0
2076;59;29;0;sea;true;ocean;0
2077;12;3;50;sea;false;ocean;0
2078;10;55;0;sea;false;ocean;0
2079;11;55;23;sea;false;ocean;0
2080;32;0;50;sea;false;ocean;0
2081;9;47;9;sea;false;ocean;0
2082;32;47;2;sea;false;ocean;0
2083;18;0;55;sea;false;ocean;0
2084;40;8;15;sea;false;ocean;0
2085;1;11;17;sea;false;ocean;0
2086;38;28;33;sea;false;ocean;0
2087;21;42;25;sea;false;ocean;0
2088;18;17;24;sea;false;ocean;0
2089;1;9;12;sea;false;ocean;0
2090;29;45;12;sea;false;ocean;0
2091;12;14;33;sea;false;ocean;0
2092;29;1;30;sea;false;ocean;0
2093;6;55;19;sea;false;ocean;0
2094;33;36;7;sea;true;ocean;0
2095;6;70;11;sea;false;ocean;0
2096;19;31;6;sea;true;ocean;0
2097;62;9;18;sea;true;ocean;0
2098;79;8;5;sea;false;ocean;0
2099;67;27;0;sea;true;ocean;0
2100;16;53;5;sea;false;ocean;0
2101;4;5;21;sea;true;ocean;0
2102;43;20;34;sea;false;ocean;0
2103;16;71;9;sea;true;ocean;0
2104;21;16;27;sea;false;ocean;0
2105;14;38;10;sea;false;ocean;0
2106;11;21;45;sea;false;ocean;0
2107;41;31;6;sea;true;ocean;0
2108;0;38;42;sea;false;ocean;0
2109;3;22;55;sea;false;ocean;0
2110;16;37;11;sea;false;ocean;0
2111;38;30;27;sea;false;ocean;0
2112;67;4;11;sea;false;ocean;0
2113;11;52;9;sea;false;ocean;0
2114;64;26;6;sea;false;ocean;0
2115;26;41;24;sea;true;ocean;0
2116;57;5;29;sea;false;ocean;0
2117;43;45;10;sea;true;ocean;0
2118;23;64;4;sea;true;ocean;0
2119;35;28;6;sea;true;ocean;0
2120;15;61;17;sea;false;ocean;0
2121;23;9;48;sea;false;ocean;0
2122;5;39;26;sea;true;ocean;0
2123;41;3;14;sea;false;ocean;0
2124;7;10;76;sea;false;ocean;0
2125;25;20;44;sea;false;ocean;0
2126;42;0;48;sea;false;ocean;0
2127;75;7;4;sea;false;ocean;0
2128;36;14;48;sea;false;ocean;0
2129;14;44;1;sea;false;ocean;0
2130;0;53;34;sea;false;ocean;0
2131;0;24;2;sea;false;ocean;0
2132;0;8;12;sea;false;ocean;0
2133;6;27;18;sea;false;ocean;0
2134;48;4;0;sea;false;ocean;0
2135;12;4;68;sea;false;ocean;0
2136;36;2;49;sea;false;ocean;0
2137;68;7;10;sea;false;ocean;0
2138;3;9;45;sea;false;ocean;0
2139;27;5;24;sea;true;ocean;0
2140;21;50;4;sea;true;ocean;0
2141;23;21;0;sea;true;ocean;0
2142;54;13;2;sea;false;ocean;0
2143;29;22;47;sea;false;ocean;0
2144;8;0;56;sea;false;ocean;0
2145;38;40;12;sea;true;ocean;0
2146;29;59;5;sea;false;ocean;0
2147;6;28;47;sea;true;ocean;0
2148;75;5;3;sea;false;ocean;0
2149;6;67;20;sea;true;ocean;0
2150;23;58;1;sea;true;ocean;0
2151;13;24;5;sea;false;ocean;0
2152;2;1;55;sea;false;ocean;0
2153;39;30;19;sea;true;ocean;0
2154;3;58;27;sea;false;ocean;0
2155;20;25;32;sea;true;ocean;0
2156;11;2;8;sea;false;ocean;0
2157;4;72;0;sea;false;ocean;0
2158;37;18;3;sea;false;ocean;0
2159;66;19;5;sea;false;ocean;0
2160;8;32;36;sea;false;ocean;0
2161;16;23;53;sea;false;ocean;0
2162;22;56;0;sea;false;ocean;0
2163;37;45;12;sea;false;ocean;0
2164;1;53;42;sea;false;ocean;0
2165;36;10;23;sea;false;ocean;0
2166;30;50;15;sea;false;ocean;0
2167;7;44;12;sea;false;ocean;0
2168;15;51;11;sea;false;ocean;0
2169;65;4;16;sea;false;ocean;0
2170;38;11;40;sea;false;ocean;0
2171;40;19;31;sea;false;ocean;0
2172;37;9;19;sea;false;ocean;0
2173;6;7;72;sea;false;ocean;0
2174;4;8;25;sea;false;ocean;0
2175;18;13;34;sea;false;ocean;0
2176;8;55;32;sea;false;ocean;0
2177;33;22;42;sea;false;ocean;0
2178;7;37;29;sea;false;ocean;0
2179;17;4;37;sea;false;ocean;0
2180;23;51;21;sea;false;ocean;0
2181;5;21;63;sea;false;ocean;0
2182;3;70;8;sea;false;ocean;0
2183;50;4;43;sea;false;ocean;0
2184;3;34;5;sea;false;ocean;0
2185;22;19;38;sea;false;ocean;0
2186;10;39;19;sea;false;ocean;0
2187;0;26;53;sea;false;ocean;0
2188;28;39;15;sea;false;ocean;0
2189;39;1;49;sea;false;ocean;0
2190;31;29;8;sea;false;ocean;0
2191;22;11;61;sea;false;ocean;0
2192;19;0;72;sea;false;ocean;0
2193;47;31;5;sea;true;ocean;0
2194;5;45;7;sea;false;ocean;0
2195;1;5;87;sea;false;ocean;0
2196;56;29;9;sea;false;ocean;0
2197;4;23;59;sea;false;ocean;0
2198;6;7;83;sea;true;ocean;0
2199;40;14;39;sea;false;ocean;0
2200;5;25;62;sea;false;ocean;0
2201;9;17;55;sea;false;ocean;0
2202;12;24;26;sea;false;ocean;0
2203;25;14;30;sea;false;ocean;0
2204;6;17;52;sea;true;ocean;0
2205;79;14;3;sea;false;ocean;0
2206;56;6;34;sea;true;ocean;0
2207;23;19;23;sea;false;ocean;0
2208;26;21;41;sea;false;ocean;0
2209;9;46;28;sea;false;ocean;0
2210;38;0;5;sea;false;ocean;0
2211;79;7;11;sea;true;ocean;0
2212;6;76;10;sea;false;ocean;0
2213;71;20;2;sea;false;ocean;0
2214;29;14;37;sea;false;ocean;0
2215;48;13;22;sea;false;ocean;0
2216;19;17;57;sea;false;ocean;0
2217;9;35;47;sea;false;ocean;0
2218;1;54;2;sea;false;ocean;0
2219;64;0;21;sea;false;ocean;0
2220;62;12;17;sea;false;ocean;0
2221;0;76;10;sea;true;ocean;0
2222;28;49;5;sea;true;ocean;0
2223;36;7;17;sea;false;ocean;0
2224;5;17;74;sea;false;ocean;0
2225;59;29;2;sea;false;ocean;0
2226;73;22;3;sea;true;ocean;0
2227;22;54;17;sea;false;ocean;0
2228;19;51;7;sea;false;ocean;0
2229;17;30;3;sea;false;ocean;0
2230;4;27;35;sea;false;ocean;0
2231;13;14;13;sea;false;ocean;0
2232;30;33;25;sea;true;ocean;0
2233;1;15;10;sea;false;ocean;0
2234;18;11;36;sea;false;ocean;0
2235;70;8;15;sea;false;ocean;0
2236;4;18;32;sea;true;ocean;0
2237;0;50;26;sea;false;ocean;0
2238;7;54;18;sea;false;ocean;0
2239;2;35;46;sea;false;ocean;0
2240;13;21;29;sea;false;ocean;0
2241;28;5;55;sea;false;ocean;0
2242;3;41;24;sea;true;ocean;0
2243;42;18;4;sea;false;ocean;0
2244;12;48;27;sea;false;ocean;0
2245;46;7;26;sea;false;ocean;0
2246;7;1;43;sea;false;ocean;0
2247;17;28;32;sea;false;ocean;0
2248;13;22;37;sea;false;ocean;0
2249;50;12;24;sea;false;ocean;0
2250;12;16;25;sea;false;ocean;0
2251;85;56;5;lake;false;lakes;0
2252;3;20;112;lake;false;lakes;0
2253;48;36;60;lake;false;lakes;0
2254;71;49;8;lake;false;lakes;0
2255;37;21;50;lake;false;lakes;0
2256;8;75;47;lake;false;lakes;0
2257;104;12;23;lake;false;lakes;0
2258;73;42;11;lake;false;lakes;0
2259;3;50;80;lake;false;lakes;0
2260;35;25;71;lake;false;lakes;0
2261;39;36;63;lake;false;lakes;0
